time,pos_x,pos_y,lin_vel_x
1753549417450291074,0.0,0.0,0.0
1753549417464189220,0.0,0.0,0.0
1753549417476359944,0.0,0.0,0.0
1753549417488653165,0.00021631455345153805,0.0,0.04326291069030762
1753549417501900221,0.001124443660354614,0.0,0.1383629106903076
1753549417514044272,0.002983572765049819,-6.297115562556214e-08,0.23346291069030758
1753549417526768796,0.005793701821378012,-5.821076925806468e-07,0.3285629106903076
1753549417539073677,0.0095548307600717,-1.6761618225233227e-06,0.4236629106903076
1753549417552054744,0.019930058344036047,-1.860089399926225e-05,0.6138629106903075
1753549417564639153,0.026544054055316603,-5.9322743635413615e-05,0.7089629106903075
1753549417576986632,0.03410901747233008,-0.00010887853238989891,0.8040629106903074
1753549417590064461,0.05141120574920577,-0.00025173386368632366,0.9247461595529949
1753549417602606362,0.061133715135945926,-0.00034527360547484387,1.0198461595529948
1753549417614852001,0.07147423693044828,-0.00044082893369360105,1.048347333163631
1753549417627320859,0.08202164625686743,-0.0005555830421429221,1.0612603330481583
1753549417639537398,0.09289730017589387,-0.0006669775933275111,1.113985159140784
1753549417651455977,0.11617301629323944,-0.000932668932463391,1.2130567772706982
1753549417663446858,0.12853569428672137,-0.0010878119025758558,1.2596740656531085
1753549417676193944,0.14138233209763404,-0.0012445499196836187,1.3098452482900358
1753549417688784333,0.16849627589051444,-0.0016067855058722934,1.4006854708883598
1753549417700815854,0.1827269419223603,-0.0018135274519010171,1.445748565369616
1753549417712897000,0.19739322485313662,-0.002023687693314143,1.4878096593654426
1753549417724730538,0.2124707360834173,-0.002259397194111695,1.5280615467436003
1753549417736879790,0.22794515067696677,-0.0024991454045276505,1.5671932938639452
1753549417749100702,0.26006473821230935,-0.003037575171612966,1.644278538042424
1753549417761065107,0.27668760900554046,-0.0033374575423082376,1.6808370530807542
1753549417773213872,0.2936643226222999,-0.0036432736462859395,1.7150570063446846
1753549417785668834,0.3109755807339891,-0.003978197955729136,1.7478430253086832
1753549417798146377,0.3286116299350441,-0.004319766607613644,1.780028777190336
1753549417810891107,0.3648734177920528,-0.005072044792884366,1.8461258655054
1753549417823110641,0.38349493563115084,-0.005484064685616631,1.8790896949728717
1753549417835402159,0.4024454822334145,-0.0059055864183717765,1.911957577424784
1753549417847892901,0.4413187611577227,-0.006825717685165744,1.9764058892083833
1753549417859791093,0.46122974850556014,-0.007325553502319261,2.0070466146479258
1753549417872185402,0.48145728624444295,-0.007837377192318194,2.039756266839946
1753549417884363808,0.5020193014602429,-0.00838546964578407,2.0741079390905828
1753549417896852213,0.5229260621420715,-0.008947871047314818,2.108757255075824
1753549417910285464,0.5658051220523116,-0.010165147435288612,2.180009076014031
1753549417923037733,0.5877738047706846,-0.010821492264859406,2.2156883909018954
1753549417936085586,0.6101048962091794,-0.01149582555273037,2.2525661545027402
1753549417949763311,0.6558895631760668,-0.012948113045503779,2.3284875596622
1753549417962732378,0.6793436120337641,-0.013727746880302958,2.364913506245295
1753549417977330981,0.7031598096383552,-0.014528741730011629,2.401019624672421
1753549417990301178,0.7519111290583695,-0.01624482347153308,2.4779250559994406
1753549418003915867,0.7768604191355993,-0.017162063039521665,2.515304413142499
1753549418016966551,0.8021714891192399,-0.018104245648116125,2.5504160084207688
1753549418030656050,0.8538259661537911,-0.02011072048996714,2.6197952767492576
1753549418043484578,0.8801716810660698,-0.021176963929288903,2.653661621131586
1753549418056812797,0.9068490183770034,-0.022270630160324215,2.6862880282172084
1753549418071225254,0.9611531264453064,-0.024588282688518762,2.749093828863758
1753549418084389202,0.9887665622679288,-0.02581368052217268,2.779029086383451
1753549418097962745,1.0166719571890845,-0.027068404049445986,2.8076892191338327
1753549418111180385,1.0733311433710542,-0.029715364488308256,2.864694839876188
1753549418129381877,1.1311105878819472,-0.03253548366748263,2.920724282928757
1753549418142680496,1.1604289019832796,-0.03401898320508615,2.950440736741014
1753549418155624439,1.1900481405278351,-0.035537740263424496,2.9811899638110373
1753549418168620360,1.2199648779986383,-0.037115872977229944,3.010477065133881
1753549418181596176,1.2806644551106183,-0.040405621009056425,3.0676943468553324
1753549418194532343,1.3114417468946102,-0.04211868080156892,3.097292046211735
1753549418207110150,1.342521839767185,-0.043894965194970825,3.1288705940699377
1753549418219435613,1.3739220181217588,-0.04571300690067092,3.1616831072994436
1753549418232208709,1.437693259769891,-0.049524782598460756,3.226040237274461
1753549418244324229,1.4700381887215235,-0.05151894390397898,3.25522906572771
1753549418256713128,1.502673786019656,-0.0535565760321324,3.2846007248513165
1753549418268783371,1.568901654037645,-0.05781812740532175,3.3510744293336994
1753549418280638530,1.6025122723409795,-0.060044889932063084,3.3857863510259194
1753549418292944937,1.6364641377835913,-0.06232222222465347,3.4198454502384945
1753549418305223365,1.6707666707728182,-0.06467454871194322,3.456774096013782
1753549418317573869,1.7054347666757006,-0.06708105169869726,3.493530445428075
1753549418329724546,1.775903609426265,-0.07208590090894322,3.5701714577589563
1753549418341774601,1.8117367860139628,-0.07460189289458669,3.6141082096122794
1753549418354020065,1.848019947547146,-0.0771405010742704,3.6602644344289694
1753549418366003805,1.8847655048843206,-0.07968017093776392,3.7063793112211334
1753549418377871336,1.9219819613009494,-0.08224110991205313,3.7545137736538274
1753549418389485309,1.9978613008162127,-0.08737593428428665,3.855344312963221
1753549418401276768,2.0366387189713,-0.08995318419623863,3.9172498342410043
1753549418413124147,2.076061770241729,-0.09255231761754062,3.9844780689020194
1753549418424773926,2.1161675426766475,-0.09515404065098526,4.053536815794294
1753549418436481858,2.1569657286818216,-0.09777525330425559,4.122924246339597
1753549418448388047,2.240639880508552,-0.10302896902685765,4.2593083142807595
1753549418459896712,2.2834791687021965,-0.10565418349875474,4.32462213410963
1753549418471406050,2.326963096688163,-0.10828674424381247,4.388087125181797
1753549418483316362,2.371081964589278,-0.11090454597880585,4.451206055047097
1753549418494932325,2.415827295274994,-0.11352457404164362,4.5131888106986375
1753549418506736672,2.4611951748494136,-0.11612507241834198,4.575281504775217
1753549418518759329,2.5071703502181006,-0.11872292434616384,4.634421691248455
1753549418530481018,2.600887102365123,-0.12386041807863143,4.750271898552759
1753549418542329187,2.6485942302149392,-0.1263942424017012,4.804602435867731
1753549418554336710,2.6968285952182063,-0.12891395265274216,4.8554248810979
1753549418566052389,2.7455569537883866,-0.13139493851092052,4.902871126667313
1753549418577761131,2.794743090091043,-0.13387619995250225,4.946865361191802
1753549418589512799,2.8943528208050098,-0.13893572618011021,5.023228285125995
1753549418601226062,2.9446664338246684,-0.14151303395847628,5.052688051642138
1753549418613232849,2.9952370404093407,-0.14410690808729457,5.074729272281214
1753549418625117518,3.0459912307919286,-0.14676733392515035,5.090046276787212
1753549418637265491,3.0968710099537677,-0.14954499114339348,5.101064046035376
1753549418649613335,3.198729660990855,-0.15541881001907698,5.101725440920296
1753549418662065054,3.249550505802204,-0.1584976312363119,5.081079062022161
1753549418674410304,3.3001252970669266,-0.1616040740104538,5.052942828469125
1753549418686498841,3.3505620858008074,-0.16481525046248655,5.054843213232895
1753549418698603475,3.401056040048077,-0.16820324015976293,5.066658984045974
1753549418710889514,3.502420509887608,-0.17535306018320118,5.100790035013478
1753549418722834797,3.5534003429787924,-0.17911778536567025,5.122942511172654
1753549418735158402,3.6045950989464397,-0.1830021084417997,5.145440439919249
1753549418747282003,3.656022764305869,-0.18703466805086008,5.171666803513921
1753549418759525633,3.7077093954400397,-0.19119476211105105,5.199091021222342
1753549418771970208,3.811830878959118,-0.19994141469085483,5.248144705620024
1753549418784019793,3.8642163794790765,-0.20452174116203473,5.268929438568277
1753549418796896695,3.916787137800965,-0.20921878880980835,5.287107664815953
1753549418809173423,4.022365032585563,-0.21899520578957338,5.315510026601645
1753549418821348436,4.075332885332727,-0.22406814577782064,5.326537097609717
1753549418834230350,4.128385476698606,-0.22924201347298595,5.334320925823231
1753549418846331592,4.181495769425039,-0.23453925943106912,5.340443711197905
1753549418858363413,4.234650141213341,-0.23993146472863602,5.3449932563537965
1753549418870876930,4.3411023444872905,-0.25105296352871337,5.35801180678918
1753549418882517642,4.39441628440332,-0.2567833734476977,5.366193981949192
1753549418894957874,4.447820569669589,-0.2625876163799904,5.377561520782984
1753549418907238823,4.50134381072926,-0.26842033201847826,5.390461603695194
1753549418919025505,4.554998555985558,-0.2743078349946954,5.404897632228412
1753549418931162782,4.662733079157423,-0.28618222929742226,5.435197126992155
1753549418943136035,4.716839950995675,-0.29215927165653494,5.452003948850375
1753549418955944245,4.771079711197925,-0.2981659616982581,5.462265638201985
1753549418967941070,4.879552312153035,-0.3101368150677987,5.436636759320421
1753549418979464469,4.879552312153035,-0.3101368150677987,5.436636759320421
1753549418991642879,4.987036279123746,-0.3219003790033996,5.359019408188072
1753549419003812086,5.040058731157688,-0.3276376560515913,5.3073709025295095
1753549419015631141,5.092518153280616,-0.3332829352588708,5.245089542443501
1753549419027580818,5.144333840567464,-0.33878670315839127,5.17634479671855
1753549419039192729,5.195535659224808,-0.3441801076750181,5.1206753016304845
1753549419051110874,5.29624095535927,-0.35455528151686105,5.011144160149557
1753549419063338071,5.345933610600504,-0.3595436134659141,4.977337631118146
1753549419075342820,5.395329368158766,-0.36442527103845423,4.949942602245301
1753549419087817406,5.44448189249401,-0.36916982544058624,4.926255845367122
1753549419099378620,5.493429408533937,-0.37380654848656225,4.907074309647174
1753549419111350313,5.590731349519444,-0.38268791231769445,4.855310278071654
1753549419123773872,5.638929733948333,-0.38691431023680806,4.8213583057849645
1753549419136023327,5.686810979923636,-0.39101525974604745,4.789953164219397
1753549419148226127,5.781701209225101,-0.39878017578807684,4.731487932800977
1753549419160381595,5.828757937375194,-0.4024460936595033,4.7083763279608695
1753549419172657924,5.875552325174351,-0.40598687418100243,4.67725772462435
1753549419185073807,5.922038065236487,-0.40936888135716626,4.644466030506084
1753549419197072570,5.96819170756912,-0.41262166551412804,4.60916166241142
1753549419209210307,6.059354848195409,-0.4186697028180288,4.531293472795541
1753549419221582323,6.104391780390105,-0.42146735024265825,4.493458009674493
1753549419233542211,6.149053976179479,-0.42413503050369833,4.454904130340849
1753549419245780954,6.193317750558365,-0.4266406867040954,4.412026425480001
1753549419257757464,6.237131891780085,-0.4290148759488029,4.363660715967474
1753549419269687151,6.323273503015516,-0.4333020216590773,4.266288539598275
1753549419281917882,6.365744226080832,-0.4352225733577581,4.236539901848678
1753549419293660801,6.407998169954339,-0.43702184594139504,4.2219105162859805
1753549419305291016,6.450204143718219,-0.4386781163233694,4.225784776282854
1753549419317905821,6.4924851372875025,-0.44022505947237756,4.2360750341566575
1753549419329969314,6.577476653830452,-0.4429597713395703,4.2792919592629115
1753549419342234727,6.620392766931482,-0.44416391840308084,4.307311125372581
1753549419354222890,6.663559581402235,-0.4452805619715751,4.328942037884438
1753549419366183872,6.7068389444892995,-0.44628581627169445,4.329267348533014
1753549419378555863,6.749761632656261,-0.447200536587733,4.257221538380609
1753549419390777694,6.83388118160237,-0.448695373578849,4.171597943034419
1753549419402711817,6.875605847083785,-0.4492898491069755,4.17418411800103
1753549419415099443,6.917356610350216,-0.4498040551900664,4.17660374167557
1753549419427163176,6.959139579010358,-0.45021269106745365,4.180391551585168
1753549419439542056,7.0009777260953125,-0.4505439039979415,4.187501869923237
1753549419451605312,7.084936198647705,-0.4509283841259996,4.215830609388436
1753549419463492706,7.127201874566886,-0.4509866180853569,4.237314201206595
1753549419475959998,7.169674820679257,-0.45097415840332944,4.257276862042432
1753549419489647413,7.255231075485175,-0.45069496871613784,4.297903455211651
1753549419502625793,7.298349758020719,-0.45043134101393817,4.325995536558503
1753549419517196186,7.341788715247129,-0.4501020826478178,4.362046657838649
1753549419530234913,7.429866054163993,-0.44920418992694866,4.446671275124807
1753549419543259085,7.474533164456577,-0.44863779780565133,4.4874699919648355
1753549419556054749,7.51962524824383,-0.4480088525592916,4.531824925493064
1753549419570030192,7.611138882731099,-0.4465216083744435,4.620630683913047
1753549419584302126,7.657548156518693,-0.44566415097845513,4.662809059755424
1753549419597235135,7.704385919328176,-0.44474563129393396,4.706545441945049
1753549419609412075,7.799365874108306,-0.4426809894279874,4.792972466828129
1753549419622480478,7.847483748313662,-0.44151259350772964,4.8334420028748575
1753549419635477725,7.89600066678925,-0.44019503972598883,4.873522034278982
1753549419648262917,7.9938786817530385,-0.43714510286683245,4.902554004213314
1753549419661547809,8.042865411046364,-0.43540795013939393,4.900954251097965
1753549419674437622,8.091360952904264,-0.4334768188959767,4.805854251097965
1753549419687569511,8.138892344127676,-0.43126296500481076,4.710754251097964
1753549419701159877,8.231034271429918,-0.4256713088578822,4.5205542510979635
1753549419714034774,8.275635777536381,-0.4222855538236391,4.425454251097963
1753549419726939243,8.319248357751684,-0.4184742038067622,4.330354251097963
1753549419739215385,8.361868034305015,-0.4142575076210846,4.235254251097962
1753549419751545100,8.44405853756084,-0.40423662365254254,4.0450542510979615
1753549419764533063,8.483601041572582,-0.39837579694059044,3.9499542510979615
1753549419777331581,8.522139881335526,-0.39184900997785493,3.867736582118673
1753549419790359187,8.596674520417352,-0.3764112003007234,3.7508631253675606
1753549419802947577,8.63287722861569,-0.3673872211411233,3.711463053132322
1753549419815426669,8.668417053461884,-0.3574748846398599,3.6680368684564155
1753549419828128151,8.737579326662892,-0.3348583900362172,3.613980712948309
1753549419840220782,8.771299767188438,-0.32211911931836074,3.595610023365957
1753549419852748022,8.804387574885661,-0.30849661564836517,3.5611169144842365
1753549419865079072,8.836747930300138,-0.29402687502001695,3.5287549697676237
1753549419877035329,8.86845087333277,-0.27872879389107913,3.5116938476570123
1753549419889246619,8.930029963994887,-0.24559936899442014,3.4832796569669986
1753549419901300605,8.95996355338573,-0.22779108995817887,3.4830243159513317
1753549419913494242,8.9894160537248,-0.20916063787746336,3.4872520840710504
1753549419925867027,9.0184007741223,-0.1897022284873625,3.4950528436806136
1753549419938123378,9.046952182672642,-0.1694903606630609,3.5013979037971383
1753549419950523833,9.102859370434405,-0.12699886964753704,3.521160325915118
1753549419962753404,9.130230506060238,-0.1047650377034262,3.5316921160943067
1753549419974824678,9.157213504054951,-0.08188788213988221,3.5435878991109053
1753549419987286173,9.183823704416664,-0.05841412288173476,3.553343083564483
1753549419999698016,9.210037922268281,-0.03435308009350452,3.563278872262235
1753549420012344221,9.261305150455936,0.01540633853416356,3.580984206800482
1753549420024181550,9.2863432148064,0.04105805299404636,3.5882537349417825
1753549420036563272,9.310969726684403,0.06721779915388716,3.5973729916790065
1753549420049130916,9.359063540375528,0.12102873071784749,3.619805443930001
1753549420061136546,9.382536838632012,0.14867346504010723,3.633492508964925
1753549420073040928,9.405618593872695,0.17682004707763918,3.6466954164047545
1753549420085428387,9.428323542242207,0.2054438978642103,3.6604789721581104
1753549420097585868,9.450629207787266,0.23455606374684504,3.6746179772505934
1753549420109903808,9.494061187546086,0.2941872749164219,3.7025159801813694
1753549420122026435,9.51516745834074,0.3246826979481993,3.7149643165437616
1753549420134268034,9.535842166247116,0.3556298630919024,3.7286921460025626
1753549420146967291,9.556103814185148,0.3870153847940746,3.74289477564037
1753549420159192274,9.575925760375048,0.41885032225158403,3.7575129881599656
1753549420171458078,9.614382902089984,0.48373805198729086,3.7856788534814436
1753549420183816930,9.63301843955403,0.5167692929629907,3.7994914792241548
1753549420195839197,9.651262922025852,0.5501762957802339,3.8134266291546166
1753549420208108251,9.686503765134395,0.618101509571724,3.8373386532488647
1753549420220326421,9.703472345094967,0.6525730457916541,3.8470446023836296
1753549420232473070,9.71996048869939,0.6872548577959342,3.8333494461754856
1753549420244394628,9.73582351904478,0.7219094902765419,3.789259124985961
1753549420256811259,9.751078607799455,0.7565057677547913,3.7728713808729055
1753549420268933255,9.780013194273367,0.8263060905297507,3.7832580694439217
1753549420281106859,9.793726438491921,0.8616085671358426,3.791289974135742
1753549420293131110,9.806970346089884,0.8972238603655964,3.8083849587959238
1753549420305629874,9.819751980180344,0.9332405283293154,3.8351650929591496
1753549420317784624,9.83211600479812,0.9697038382246943,3.86539900669256
1753549420329902989,9.855604986325607,1.0440415259612787,3.930070283107798
1753549420342263079,9.866817693411805,1.0818748405013252,3.9619566128207504
1753549420354452865,9.877666236099339,1.1201387000260337,3.9924916526986363
1753549420366733497,9.888170582356297,1.1588080345581273,4.0216846050556265
1753549420378909125,9.898301224046742,1.197854466876016,4.04620314262154
1753549420390996939,9.91746632448563,1.276957283425047,4.093288103593559
1753549420403402119,9.926501072777716,1.317004577285472,4.117504913946144
1753549420415390960,9.935153973936085,1.357380155198109,4.141007180718112
1753549420427462085,9.9434473206493,1.3980764712351745,4.165580824712549
1753549420439894422,9.951357384732862,1.4391035304701998,4.190983219270028
1753549420452015253,9.966066507247184,1.5221415243209528,4.245102211052473
1753549420464423002,9.972870011922678,1.5642034237304299,4.276649301938122
1753549420476564352,9.979289706239005,1.6066435208803063,4.307963805949942
1753549420488792081,9.99115245094776,1.6926857070691301,4.3769016191705035
1753549420501051736,9.996612171765356,1.7362965085767,4.413368805831061
1753549420513203041,10.001777270208587,1.7803484406097212,4.45739539040362
1753549420525603947,10.006634015984025,1.8248973579011805,4.505202924989937
1753549420537669703,10.011208535901982,1.8699632206081402,4.554306989319904
1753549420549921278,10.019489390104756,1.9617365693014341,4.659111875386545
1753549420562148439,10.023198636327804,2.0084285672457787,4.708726833599068
1753549420573909358,10.02663337922318,2.0556276494523558,4.756069939282259
1753549420585861709,10.029771023763452,2.103317428317597,4.802524836146538
1753549420598240252,10.032631130869886,2.1514816143586626,4.847298848295375
1753549420609981992,10.037462224461986,2.2491533180926986,4.9311653001893605
1753549420622369213,10.03942514025721,2.2986288547438316,4.971743910413769
1753549420634406398,10.041095558566825,2.348521160227063,5.012325388541329
1753549420646634324,10.04244634254575,2.3988217484667413,5.051436380596698
1753549420659010453,10.04349363228739,2.4495084572487817,5.088086590335251
1753549420670646483,10.044606174867713,2.551950249275764,5.15562819848063
1753549420682459473,10.044657286735571,2.6036639998652698,5.1871456686663215
1753549420694948838,10.0444006670371,2.655686378747314,5.217469012358588
1753549420707125624,10.043874523039161,2.7080027990014695,5.246356875015426
1753549420719432675,10.043049862530907,2.7605900500227394,5.272399444001654
1753549420731636203,10.040540689983235,2.8664760139172696,5.31644135295443
1753549420743589920,10.038854529908358,2.919698735877899,5.333456656565333
1753549420756091306,10.036863511305635,2.973068734032473,5.347981135720586
1753549420768189805,10.032016714836994,3.0801668777599227,5.3725506837222
1753549420780766111,10.029160591390335,3.1338658929450736,5.3824456404943515
1753549420793058278,10.02599902208824,3.1876290215144696,5.3887689321656
1753549420804972761,10.022557923385518,3.241434451572547,5.394315133490274
1753549420817533938,10.01881001044567,3.2952709544289203,5.399058933389881
1753549420829636464,10.010437874246975,3.4030472757057146,5.410954335437138
1753549420841492425,10.005807401662443,3.4570098451429283,5.421233965934746
1753549420853889860,10.000857856006244,3.5110559601553595,5.433236202227688
1753549420865901295,9.995624216353521,3.565200193937507,5.4460923829255234
1753549420878067267,9.990128368092945,3.6194479156618398,5.458996373982962
1753549420889921879,9.978441232777369,3.728197656926154,5.478394636539804
1753549420901776783,9.972257704873217,3.7826759889652566,5.487240216673311
1753549420914138577,9.965837924961741,3.8372125985968113,5.495399205389249
1753549420926031849,9.95921526502839,3.8918009576204717,5.502331673515168
1753549420937813432,9.952372017929639,3.946428430813506,5.508561521948646
1753549420950130452,9.938106637956599,4.055791531201714,5.52040863284047
1753549420962182345,9.930723351685305,4.110536124621867,5.527639790121275
1753549420974387700,9.923246368230034,4.165343558794163,5.5353813566859085
1753549420986613294,9.9156572605937,4.22021004122912,5.542391285821406
1753549420998633623,9.907992601767079,4.2751343295359625,5.5489115356335175
1753549421010829432,9.892434403847433,4.385136938797962,5.560327206764126
1753549421022703871,9.884570777528136,4.440186542461163,5.561355606242892
1753549421035910915,9.876699866628806,4.4951798813207775,5.549393552490121
1753549421050225066,9.861010361039044,4.604457114399119,5.489572882916151
1753549421063369749,9.853224456266705,4.658672220650568,5.4646924311628915
1753549421076480074,9.845505206713995,4.7126533014108505,5.441349983596896
1753549421089388549,9.830274324250723,4.819714869752288,5.371195852515006
1753549421102264448,9.822786341772176,4.872753119312797,5.341649047858657
1753549421115232483,9.815405662762695,4.925528360043779,5.316119656303047
1753549421128870331,9.80089523638955,5.030577634123136,5.291793848210566
1753549421141866893,9.793762507644285,5.082976193603492,5.284567492868013
1753549421154732571,9.786728528342783,5.135356872979456,5.285603964956117
1753549421167609792,9.779765197860598,5.187760818638483,5.28730904453723
1753549421180518664,9.76611181320985,5.292697571330669,5.294730192554291
1753549421192728540,9.75942469728806,5.345252643692033,5.301031278308933
1753549421205322195,9.75281375013775,5.397884024455098,5.307960687470809
1753549421217763880,9.746306573412564,5.450595507022739,5.31436424979152
1753549421230640603,9.733585154737078,5.556232749323261,5.325559873835542
1753549421242872820,9.727475166365117,5.609158308671515,5.329860432616027
1753549421255409911,9.721524750931492,5.662148633234933,5.334819117199966
1753549421267736260,9.715762733799256,5.715217792530888,5.341396445290831
1753549421279957078,9.710168114825791,5.7683721309597376,5.348199655635841
1753549421293624190,9.699561224151951,5.874969326835814,5.367211221930384
1753549421306424957,9.694558174427785,5.928480789050327,5.3817627630724285
1753549421319472769,9.689746015135002,5.982174872889056,5.400103000581683
1753549421332369131,9.680744340149438,6.090194946823506,5.438898220620925
1753549421345122789,9.676449546015528,6.1445099547884015,5.458011838103249
1753549421358205335,9.67222843908569,6.199029066329259,5.478445010504937
1753549421371333117,9.66405286018303,6.308679885094051,5.516613198691488
1753549421384220297,9.66008614635906,6.363796287073666,5.5351798806696655
1753549421397052418,9.656170422642898,6.419100274622279,5.553308550413014
1753549421409155037,9.648473364750263,6.530142170950244,5.57459349031858
1753549421421479612,9.644570768948478,6.585788136758953,5.581936431151538
1753549421433779152,9.640627419209029,6.641435933090151,5.575532302591505
1753549421445703127,9.636619981395802,6.696654674101553,5.497262855723409
1753549421458134513,9.632583227138667,6.751149353865924,5.431536985726559
1753549421470397122,9.624111362395785,6.857603169989276,5.253743938287614
1753549421482410782,9.619634977166086,6.909472254018843,5.1586439382876135
1753549421494672638,9.61496054759888,6.960368926869928,5.063543938287613
1753549421506877142,9.610107254069856,7.010293441673152,4.968443938287613
1753549421519059059,9.60497884327788,7.059234252171914,4.873343938287612
1753549421531001147,9.593666759316257,7.154125781545623,4.683143938287611
1753549421542797911,9.587446204947632,7.200062204526509,4.588043938287611
1753549421554950861,9.58084275688201,7.2449840994637285,4.492943938287611
1753549421567217395,9.573757204064995,7.288869247176078,4.39784393828761
1753549421579590654,9.566072934528643,7.33181805634469,4.328429034500453
1753549421592009667,9.548751397812298,7.415388101012985,4.197465536752629
1753549421604204187,9.539083635911782,7.455943903676988,4.141126272187106
1753549421616561972,9.528670591559358,7.495642307880031,4.067345517047257
1753549421628972462,9.505486100531991,7.572279106362592,3.946545897387194
1753549421641153838,9.492672183403062,7.60929078322892,3.8871063910634485
1753549421653825835,9.4790194958442,7.6455062347278195,3.8538374582858386
1753549421666295073,9.464415275365532,7.681064506372346,3.8345390505799184
1753549421678752874,9.448905875707327,7.7159578088717735,3.8026972583978838
1753549421690796459,9.415145675307045,7.7837904847363,3.7766554663923664
1753549421702715232,9.39687966164952,7.816844877441903,3.77671284048858
1753549421714936560,9.377737274113024,7.849357045135379,3.7693050659543212
1753549421726996674,9.357727223399374,7.881321961222964,3.7732171324986132
1753549421739136159,9.336877608341462,7.912806108213044,3.779358520261234
1753549421751401885,9.292753702742568,7.974337066606334,3.794940331563722
1753549421763727211,9.26954859683282,8.004396028100686,3.8000064269131584
1753549421776028837,9.24565794152014,8.033974976519241,3.804559999618396
1753549421788041089,9.195918686558729,8.091639443714854,3.8097066682621668
1753549421800088418,9.170143956411279,8.119699775046758,3.810710815224806
1753549421812237867,9.143824546281113,8.147240053779061,3.80828244403384
1753549421824266777,9.116970206775276,8.174229482769793,3.8065234578934932
1753549421836631861,9.089599886617776,8.200702348386578,3.8092300339449046
1753549421848540480,9.033196862132863,8.25219843975466,3.8284702018443095
1753549421860642738,9.0042118539657,8.27728218896785,3.837974616411255
1753549421872908379,8.974741633641756,8.301958801469736,3.849580552324316
1753549421884982798,8.944767020571534,8.326217401128185,3.862721119309944
1753549421897021112,8.914306320628661,8.35008415338264,3.8768082693333157
1753549421909153615,8.851933200085863,8.396608146196193,3.904473869516334
1753549421921213400,8.820047784925269,8.4192614459141,3.9182647919585762
1753549421933449543,8.787720954570606,8.441521451454298,3.931729630282617
1753549421945436221,8.754953395692139,8.463362307225344,3.944218464773781
1753549421957801418,8.721773145411799,8.484800009977935,3.956494394453956
1753549421970201162,8.65419908938443,8.526400322695542,3.978760011222476
1753549421982461391,8.619829204083834,8.546550558866855,3.9895468546459014
1753549421994636498,8.585090556920997,8.566275786505859,4.000158620406944
1753549422006676989,8.549979741589075,8.58554744220792,4.010316426870196
1753549422019031997,8.514520451695798,8.604380245070379,4.01978279116814
1753549422031480318,8.442578675111733,8.640650065979724,4.036628817102197
1753549422043496020,8.406133781849006,8.658062207266637,4.0415889815683785
1753549422055468874,8.369435369177717,8.67497744293433,4.040307068812769
1753549422067920670,8.295327686676234,8.707218603495177,4.042699120380555
1753549422080200061,8.257906169228436,8.72254150347326,4.044796892788926
1753549422092507074,8.220230784759755,8.73734926200073,4.051456791081132
1753549422105068141,8.182256671111253,8.751627334814438,4.06254530237108
1753549422117180698,8.143953904247,8.76541114092114,4.079013006865886
1753549422129581358,8.066316781206115,8.791476298297725,4.110429479158268
1753549422141858681,8.02724609400571,8.803774066810032,4.081703161721571
1753549422154068084,7.988116671407578,8.815529391940604,4.089765466683033
1753549422166105084,7.948718655396762,8.82682822895522,4.107527883512763
1753549422178436180,7.908984951307845,8.837663637408145,4.12945246061823
1753549422191257321,7.828491908748294,8.858013119904655,4.175412386993468
1753549422203719434,7.7876873815695005,8.86754759997567,4.20536688722197
1753549422216373358,7.746491206721902,8.876651239281767,4.232692878377212
1753549422229026947,7.663218915680612,8.893563599268003,4.2570856536401545
1753549422241145478,7.621341704869302,8.901335452874076,4.26141631952035
1753549422253339434,7.579823082016676,8.908536193355692,4.16631631952035
1753549422265514867,7.5391660867961665,8.915125059649279,4.0712163195203495
1753549422277817573,7.499372244287082,8.921076493023978,3.9761163195203495
1753549422290325308,7.422022224843848,8.93116764980658,3.8322374740268024
1753549422302503343,7.384171631061105,8.935317676027621,3.783306879634324
1753549422314747418,7.346503079062274,8.938890978282624,3.7842985644915452
1753549422327023669,7.308629136297728,8.941902953441897,3.8144735232625915
1753549422339028116,7.270240625159006,8.944408477007162,3.879628064895182
1753549422352240848,7.191328547034224,8.947999596445836,4.036127981327577
1753549422366619829,7.150533553233423,8.949173695623992,4.126283324126989
1753549422379580682,7.108844432759075,8.949990822394598,4.21316937185273
1753549422392090278,7.022929242563245,8.950619765096686,4.376667822161028
1753549422404698274,6.978782501485973,8.950467364802144,4.452749570827119
1753549422417262325,6.93389482186049,8.950051083837524,4.525181979988943
1753549422430218976,6.8420505009752235,8.948556123716525,4.658872247152235
1753549422443132176,6.795168784013114,8.947493575956482,4.719885806551657
1753549422457289857,6.7477052980149645,8.946215493992042,4.776258742776801
1753549422471469045,6.651194242828994,8.943067269418377,4.877680805262581
1753549422484489225,6.602222557460152,8.94120165360156,4.9237664971111395
1753549422497511880,6.552821375107289,8.939128076376456,4.965175446894963
1753549422510381715,6.452879134131407,8.934397502732752,5.0377351957880965
1753549422522747059,6.402411118561978,8.931737597465176,5.0698829819597035
1753549422535720342,6.351661029684314,8.928862546187386,5.096415313954499
1753549422555012771,6.249489830218019,8.922503054601897,5.139215191939569
1753549422567805269,6.1981204914501085,8.919011130210896,5.158369051967018
1753549422580696182,6.095035794705237,8.911362902252192,5.176436129350034
1753549422598053161,6.043405703601886,8.907199344480253,5.18311157066656
1753549422610384001,5.940030455951729,8.898345900175787,5.192299115102462
1753549422623428394,5.888277910493402,8.89366547265583,5.200457408215755
1753549422636411879,5.836460003839976,8.888826012801179,5.208227774491511
1753549422649074447,5.732564601088119,8.878610835026768,5.233005789224133
1753549422661234074,5.6804445461891415,8.873235018398582,5.246310490395157
1753549422673379566,5.628223047349799,8.86770346032441,5.2564227481568
1753549422685600718,5.575918717725347,8.86199652124515,5.266531288771297
1753549422697886145,5.523536197119333,8.856144972965966,5.275140148365901
1753549422710023290,5.41865761323926,8.843986826096707,5.282871889378696
1753549422722122297,5.3661876719329005,8.83769096916618,5.286393274011876
1753549422734555800,5.313748904033557,8.831279632725009,5.279459483019243
1753549422746713896,5.261463153030835,8.824742919858911,5.259098038635635
1753549422758771496,5.209404970492485,8.818150999940714,5.235677837963992
1753549422771179202,5.1058559634780245,8.804921318330551,5.209045275319806
1753549422783212963,5.054372583992407,8.798287741106511,5.17275211191693
1753549422795453951,5.003299210249628,8.791658846890787,5.127601211972884
1753549422807894281,4.902685527783201,8.778547453702796,5.010361644549003
1753549422819864460,4.853272718215053,8.772097908536866,4.956026890239029
1753549422831739304,4.80446067473809,8.765706528870883,4.8897143259253735
1753549422843881473,4.75628544487511,8.75942035403855,4.827011266221648
1753549422855875597,4.708659571906798,8.753200624530152,4.779047216142181
1753549422868035582,4.61419240372804,8.740944377166898,4.748452663181377
1753549422880179430,4.567122639548184,8.7348914340043,4.743019341464988
1753549422893438936,4.520071187530737,8.728867849306868,4.744072881990654
1753549422905802310,4.4729937097790256,8.722901447021929,4.746737735207911
1753549422917699986,4.425877363060094,8.716969360305994,4.750925402228273
1753549422930066855,4.331498953196784,8.705277261462674,4.758967912354645
1753549422942050123,4.284249484334502,8.699527114256332,4.760647548770146
1753549422954208738,4.236977137465985,8.693829742298096,4.762241355315483
1753549422966476878,4.189695145690243,8.68821673709702,4.760558884552636
1753549422978505748,4.142439442724563,8.682667702374058,4.755519758332856
1753549422990617805,4.0480641614421735,8.671832321580483,4.740660861385277
1753549423002779537,4.0010480073008905,8.666562254931048,4.721459453776879
1753549423014832863,3.954235191225413,8.66138315198886,4.69822960560916
1753549423026995681,3.9076286002474157,8.656326666971248,4.677788930561934
1753549423039045014,3.8612456083199693,8.651366469231458,4.651704631746031
1753549423051119811,3.769153781526929,8.6418011770278,4.604592407819721
1753549423063168408,3.723492213632438,8.637203663614683,4.573897134843896
1753549423075016665,3.678096097437909,8.632711777508725,4.549666347809892
1753549423087123179,3.6329328774708114,8.628353707756368,4.524935802146941
1753549423099216003,3.5879603723257514,8.624096807770899,4.50977131591569
1753549423111276028,3.498383951466276,8.615929430184092,4.484856974294608
1753549423123572895,3.4537361533963833,8.6120152957409,4.478953059703635
1753549423135640381,3.409098235845457,8.608188565523943,4.4813783110664955
1753549423147813672,3.364404359198506,8.604470110676917,4.488282617361246
1753549423160078302,3.274772739045488,8.597294795697364,4.503378779200572
1753549423172211684,3.229846691218229,8.593836227575146,4.508418582069089
1753549423184610222,3.1848743675585025,8.59048166407136,4.511035546052662
1753549423197023060,3.139865530854139,8.587203949373535,4.514571535460699
1753549423209256501,3.04972323419394,8.580926570927376,4.5214107669313535
1753549423221754239,3.0045871001573103,8.57792466466308,4.525760706738059
1753549423233906230,2.959404367801701,8.574994865737159,4.529765225821752
1753549423246386396,2.914192713691944,8.572164149471696,4.530273087342465
1753549423258558700,2.869031774230252,8.569409727434358,4.518700363605819
1753549423270519044,2.779093858099705,8.564196717443243,4.480424743325524
1753549423282689450,2.734510217762837,8.56174955085603,4.449727245246206
1753549423294661859,2.6902911206429305,8.559393248569014,4.406641008042296
1753549423306913863,2.6465246175961505,8.557164015887679,4.358008569751098
1753549423319118452,2.6032148911271658,8.555030028846609,4.314446912698562
1753549423331206677,2.5176980701969423,8.551104492948632,4.248596924179311
1753549423343468200,2.475384162019913,8.549309598595743,4.221797034954648
1753549423355609014,2.4331998314178604,8.547601939417435,4.221981074457454
1753549423367706722,2.390989313591102,8.54600380896554,4.226173083033803
1753549423380307352,2.306328577427701,8.543073475389384,4.244752935525367
1753549423392428831,2.263862477305141,8.54173784802002,4.25266865200803
1753549423404979555,2.2212663037599216,8.54050217454562,4.2701516678547575
1753549423417227767,2.1784843190873557,8.539337738250072,4.289415683240189
1753549423429248971,2.092439495072221,8.537266524535815,4.317225137435949
1753549423441464923,2.0492054918532685,8.536357263896384,4.33148907333129
1753549423453464222,2.005809025941269,8.535512996864613,4.349447840305924
1753549423465045455,1.9622111675450087,8.534756471775394,4.371437855226855
1753549423477014482,1.9183930142728511,8.534061683848492,4.393295673864764
1753549423489016971,1.8301134577662237,8.532902522583893,4.434917607656555
1753549423501507698,1.78566207010059,8.5324368983352,4.4558488537101
1753549423513888258,1.7410121583972562,8.532030275609717,4.474504939253058
1753549423525890545,1.696175490110057,8.531707137067745,4.493062765385151
1753549423538040434,1.6511450905744234,8.531442549731018,4.5131737203877
1753549423550105213,1.560477091561733,8.531138043442036,4.553193047607614
1753549423562109529,1.514838381518974,8.531098388665292,4.5745535146654674
1753549423574279027,1.468993635389081,8.531117770897152,4.594397612927761
1753549423586245050,1.422946742801222,8.531221061623606,4.615005174831903
1753549423598502384,1.3766850289776065,8.531384172501449,4.637396170331489
1753549423610563682,1.2835064301752788,8.53194045831308,4.681216706476828
1753549423622534649,1.2365714145401265,8.532334621036084,4.706118517206841
1753549423634959013,1.1893820569697144,8.532790986090397,4.7321953902845175
1753549423647065160,1.141926111047788,8.533334021725201,4.759616237633761
1753549423659118189,1.0941968872474344,8.53394056671684,4.787000338211621
1753549423671371138,0.9979471346758495,8.535393431440825,4.838984376144351
1753549423683467990,0.9494347739919955,8.536240862597703,4.864969037889368
1753549423695915495,0.9006671342755644,8.537153808868132,4.8902688708793445
1753549423708051438,0.8023926939658221,8.539226313880913,4.938888468194543
1753549423720306854,0.7529039182311407,8.540387110200106,4.961590126199366
1753549423732789161,0.7031953436149714,8.541615495284358,4.983160964646492
1753549423744888980,0.6532706595910371,8.542936571913797,5.005272085057718
1753549423756987766,0.603127491168493,8.544326926983835,5.027217090000122
1753549423768933770,0.5022052434006157,8.54736727431103,5.069079689757571
1753549423780545752,0.45144032538902823,8.549018847026346,5.08927682611995
1753549423792526963,0.4004802545379853,8.550742682480273,5.108568073325613
1753549423804323232,0.3493320921257987,8.5525641837159,5.1275503092518235
1753549423816132223,0.2979946649475457,8.554459703149531,5.146932697289819
1753549423827937487,0.1947415573632155,8.558526438863863,5.185912413511694
1753549423840115190,0.14283519445577975,8.560699315596528,5.204453402054259
1753549423852940310,0.09075093541665022,8.5629496214745,5.222117573396282
1753549423865276017,0.03849604628542483,8.565302870714211,5.239453783434175
1753549423877216483,-0.013927340695167295,8.567710525501495,5.256275604890713
1753549423889831731,-0.11926503064844823,8.572573093309124,5.288320892426115
1753549423902068068,-0.17216843633203088,8.575024341961537,5.303712014835941
1753549423914238973,-0.22522397371728922,8.5774997893293,5.318939217880125
1753549423926582808,-0.27843151175990033,8.579968264524767,5.334014445194558
1753549423939057319,-0.33179429314407727,8.58244829762429,5.350061757078914
1753549423953974637,-0.4389979948257779,8.587364331659835,5.382518688636292
1753549423966868145,-0.4928571323014351,8.589786664249196,5.400198119953184
1753549423979762800,-0.5468963407525345,8.592192661364912,5.418350943197257
1753549423992760164,-0.6555140624490133,8.596879444759903,5.453106046714003
1753549424005485510,-0.7100779290219466,8.599147282963674,5.469089664121647
1753549424017759247,-0.7647943827109029,8.601373370523758,5.483254720511105
1753549424030386193,-0.8746390248243345,8.605628479152209,5.509135241255005
1753549424044500874,-0.9297482639182552,8.607647883284987,5.520110945067021
1753549424057311835,-0.9849602166627188,8.609606286756051,5.529225106774318
1753549424069582221,-1.0956301906072619,8.61327264384446,5.543073356764278
1753549424081854185,-1.1510641210616006,8.614973448699343,5.548931187936102
1753549424094761590,-1.2065421248206505,8.616599198328368,5.55143410158163
1753549424109901564,-1.317544997004806,8.61956018771733,5.550749619371881
1753549424122685091,-1.3730268532785277,8.620889377503842,5.548807156437149
1753549424135227703,-1.4283996339543115,8.622131201365578,5.528535317059231
1753549424147908912,-1.4835584641770077,8.623252523596422,5.505511820405047
1753549424160825360,-1.5932172562113167,8.625183617984773,5.4642446856339815
1753549424174513046,-1.6476960972534402,8.6259885677901,5.432714888452918
1753549424188008875,-1.701819078465688,8.626661491837243,5.392720197371383
1753549424201688820,-1.808779204384738,8.627662763927619,5.302107895995398
1753549424215207991,-1.8616090996858896,8.627985967749519,5.264071543879222
1753549424227638148,-1.9139811691791602,8.628166054175274,5.210407091876094
1753549424241102701,-2.0169280175600877,8.628154565225081,5.079397929064385
1753549424253708981,-2.067436559732337,8.627959157909062,5.0223895409292085
1753549424265723972,-2.117668156638726,8.627604808140214,5.024183765327765
1753549424277716988,-2.167955177485084,8.62713628779296,5.033658067279525
1753549424289897350,-2.2689499840340286,8.62596875302218,5.0661075675949565
1753549424302266415,-2.319675157200787,8.625277387413066,5.0798701835537745
1753549424314550704,-2.3705154674446334,8.624509440275947,5.089352537280726
1753549424326880487,-2.4214394144671814,8.623701818348287,5.096718084496606
1753549424339272005,-2.4720843323821957,8.622847320354236,5.033707629971073
1753549424351477789,-2.57150265773634,8.621124255826201,4.887581763896296
1753549424363466599,-2.6198956942386475,8.62028485230735,4.792481763896296
1753549424375583986,-2.667337605635932,8.619446660020934,4.697381763896296
1753549424387629118,-2.713829185191886,8.618655216088957,4.602281763896295
1753549424400053892,-2.8039604621708722,8.61716360198304,4.412081763896294
1753549424412176615,-2.847953493493089,8.616473252500354,4.387608317465323
1753549424423897833,-2.8918311564698946,8.61584074595275,4.388836579440664
1753549424436424507,-2.9357497741039897,8.615242719671858,4.39570193423743
1753549424448166132,-3.0238540330321033,8.614221009003893,4.4150823147804825
1753549424460041438,-3.067948609232983,8.613806330193798,4.404223860363941
1753549424471572098,-3.1118843469982256,8.613442562337475,4.383225934870064
1753549424483349855,-3.155690188147643,8.61316086173356,4.378124551468941
1753549424495186280,-3.199484947015335,8.612935037472091,4.380944815783272
1753549424506542459,-3.2433414092847714,8.612793562992074,4.390394468112327
1753549424518063743,-3.2872902735382157,8.612711839260164,4.399394789473136
1753549424530018775,-3.375480444700401,8.612783776257183,4.4188199735265385
1753549424542038368,-3.4197185509698578,8.612939016747848,4.4288570318320355
1753549424554162591,-3.4640640506555616,8.613157402022185,4.440351702931183
1753549424566766783,-3.508543003614027,8.613464989599487,4.455652862855815
1753549424578913109,-3.5531919052659413,8.613837092825388,4.474438800658028
1753549424591319946,-3.643060388554301,8.614825842644631,4.515689591974614
1753549424603358270,-3.688348548808668,8.615442873664758,4.542784292366181
1753549424615234298,-3.7339073427072593,8.616102906666342,4.5699308086355455
1753549424627413637,-3.779743717226858,8.61676084339264,4.598288608595508
1753549424639790758,-3.872267203649226,8.618112342605533,4.654364427310151
1753549424652302100,-3.918951606185425,8.618797993101799,4.683523214781047
1753549424664504146,-3.9659309044446966,8.619467820543822,4.713291572888728
1753549424676647298,-4.013215147406743,8.620139426713935,4.744511115032501
1753549424688994204,-4.108713955271521,8.621417100672836,4.805482261183907
1753549424701049444,-4.1569155278768815,8.622010897201356,4.835564066985512
1753549424712995459,-4.20541552608059,8.622582735416312,4.865110206122049
1753549424725209899,-4.254205104109478,8.623103853606413,4.893362458995498
1753549424736865674,-4.303270529158079,8.623592857721473,4.920210461283969
1753549424748556222,-4.402327074554371,8.624411167510154,4.984994758811761
1753549424760725857,-4.452348048807128,8.624733435085668,5.0194084253762625
1753549424772478614,-4.502720990418855,8.62500882404406,5.0553312089034455
1753549424784566608,-4.553452672695418,8.625211807858678,5.0910872612163205
1753549424796423501,-4.604535247343442,8.62536252004719,5.125472968874501
1753549424807887620,-4.707658593736478,8.62545208806351,5.186129409929658
1753549424820043833,-4.759658648198336,8.625386472438054,5.21389070971283
1753549424832182176,-4.811926133991642,8.625260538860763,5.2396377618696945
1753549424844829160,-4.864432009055767,8.625048597380447,5.261623818559598
1753549424856984931,-4.9171405116996665,8.624773246027786,5.280221597129362
1753549424869112950,-5.0229604262270815,8.624002170125804,5.301789526473671
1753549424881394819,-5.07598994969914,8.623603719711593,5.304414733156802
1753549424893604785,-5.128914252791933,8.623189120753409,5.280770880340005
1753549424905804521,-5.181290229541583,8.622799767439515,5.194714274448042
1753549424917987838,-5.232760387059495,8.622409013262276,5.099614274448042
1753549424930090542,-5.332848204936341,8.621706808178482,4.909414274448041
1753549424942595371,-5.381465885953078,8.621401363206742,4.814314274448041
1753549424955122757,-5.429132613302047,8.621106396285313,4.71921427444804
1753549424967220826,-5.475848628884481,8.620864872385827,4.62411427444804
1753549424979534746,-5.521613733443687,8.620643657879954,4.5290142744480395
1753549424992185967,-5.610608087501712,8.620361302310998,4.402120237463464
1753549425004430798,-5.654671652243156,8.620308756471474,4.4105998657764
1753549425016904332,-5.698864104032101,8.620307072851654,4.427891499130664
1753549425028792056,-5.787638757959429,8.620521276348349,4.449341485439757
1753549425041402222,-5.832169587973756,8.620742412323338,4.456935524962782
1753549425053510315,-5.876779655911072,8.621024615684739,4.465257798675073
1753549425065856342,-5.921492474591185,8.621395276538808,4.477614453624746
1753549425078041076,-5.966340998393746,8.621830114051868,4.492513142240967
1753549425090140243,-6.056641152257414,8.622923666868537,4.537616745961844
1753549425102378976,-6.102150331709694,8.623490025108897,4.564924111752211
1753549425114485922,-6.147934646319834,8.624078803193228,4.592696111969655
1753549425126656542,-6.194007583557619,8.624663617502758,4.622633756675057
1753549425139169748,-6.240384760620682,8.625286465687957,4.653638970214592
1753549425151338491,-6.334078987121969,8.626735626588605,4.721111285307283
1753549425164010270,-6.381480754451753,8.627553617490612,4.760654237666752
1753549425175905992,-6.429262433939117,8.628416796241194,4.797241422773135
1753549425187810370,-6.52577161396501,8.630459706590006,4.8508073872025275
1753549425199982993,-6.574368276162387,8.631664437530782,4.871513981278305
1753549425212153540,-6.62313438205546,8.633013615625568,4.885442280736061
1753549425224022141,-6.672030809439988,8.634488726125491,4.898295765951162
1753549425236270422,-6.7210472246467186,8.636123155970786,4.9104395284488165
1753549425248600224,-6.819587384847341,8.639859148234077,4.950191524238274
1753549425260487778,-6.869162165746847,8.641981654022562,4.973852996231654
1753549425272727392,-6.918977279671965,8.644303687292743,4.9999931990025
1753549425284905097,-6.969055326583125,8.646811029824187,5.02816826778273
1753549425297061883,-7.019405417243899,8.649535901578032,5.056592079592739
1753549425308912510,-7.120913953048069,8.655620070860316,5.111835681995618
1753549425320830052,-7.172050399777661,8.658991351667186,5.137662860536224
1753549425333117610,-7.223437323413123,8.662605776457772,5.165121121237461
1753549425345317519,-7.2750905146565525,8.666445959715137,5.194035704389928
1753549425357622530,-7.327019393501266,8.670541044578334,5.22399174807151
1753549425369809055,-7.431731331738232,8.679468492692514,5.284488472699057
1753549425381993028,-7.484506046231184,8.684285031567798,5.314326178201749
1753549425394119925,-7.537562092310898,8.689280650272929,5.343821031474711
1753549425406223736,-7.590892371747482,8.694479808506108,5.372805814967441
1753549425418003389,-7.644491259450162,8.69985736446244,5.400793560683833
1753549425429744743,-7.752444718440151,8.711177896592394,5.453411754265748
1753549425441886899,-7.806777225925583,8.717110327586983,5.477676019700844
1753549425454520064,-7.861327320496552,8.723199590164528,5.500108193017696
1753549425466463019,-7.916072635877942,8.72946280670031,5.520380145760261
1753549425478575003,-7.970992992392036,8.735868397464072,5.538152574450867
1753549425490777272,-8.081265952999377,8.749128708565886,5.565178817288872
1753549425502924808,-8.136491930885345,8.755961950391374,5.564247305069416
1753549425515622250,-8.191666494680081,8.762867595742579,5.556760991204784
1753549425527857021,-8.30158985533093,8.776721665869559,5.520277023055247
1753549425539779119,-8.356271817747682,8.783654966286951,5.503674773291654
1753549425552136036,-8.41078818450885,8.790608054250646,5.4879217354757595
1753549425564211274,-8.465096922419589,8.797538592178773,5.461912020846583
1753549425577236015,-8.518869433037542,8.80442499058997,5.3804227405136675
1753549425590012801,-8.623723492085627,8.817822004963995,5.190222740513667
1753549425602801638,-8.674739341857327,8.824309774933493,5.095122740513666
1753549425615700192,-8.725009388460975,8.830697794828248,5.039737118767265
1753549425627903291,-8.825134214123329,8.843303226959561,5.054303413342976
1753549425640981385,-8.87533656106362,8.849551720107796,5.063640211657643
1753549425654136962,-8.925629996567803,8.855772001445743,5.07168790918988
1753549425667131768,-8.976096499638729,8.861942583243295,5.096781754856077
1753549425681543337,-9.077831763542024,8.874199715450226,5.144235417270387
1753549425695935931,-9.12899971974363,8.880266569762943,5.161038904554493
1753549425708895420,-9.231630313161741,8.892198455899587,5.169635336253609
1753549425722774366,-9.283015610828269,8.898048167722909,5.173804262408106
1753549425735369390,-9.334448991416464,8.903834921249153,5.177774956123957
1753549425748745197,-9.437486653328172,8.915160139412542,5.187793819786907
1753549425761195349,-9.489091304796382,8.920694564545087,5.192323049959522
1753549425773397614,-9.540747240371898,8.926158182443084,5.196493164569857
1753549425785609724,-9.592453102151062,8.93152264959212,5.200187918754487
1753549425798447920,-9.64420178019276,8.936812394389415,5.203480432697768
1753549425812005976,-9.74779707928169,8.947106064872504,5.207026590102672
1753549425825321056,-9.799627637707799,8.952105930110614,5.207206568036076
1753549425839334061,-9.851456494570288,8.957022167867319,5.205095141128531
1753549425852582779,-9.95496368515452,8.966531709387757,5.190013465574957
1753549425865592688,-10.006609287294035,8.97111977592477,5.17978793013366
1753549425878452051,-10.058134213503429,8.975610008027106,5.164256090666599
1753549425891105403,-10.160929091006336,8.98424426024073,5.152075518118858
1753549425904011179,-10.212286133687725,8.988367517188335,5.152389446064895
1753549425916450686,-10.263682497814976,8.99229835973101,5.156908503795432
1753549425928625355,-10.3667232752367,8.999617888698438,5.174291609490041
1753549425940736489,-10.418408727893171,9.002900821933402,5.183641910265774
1753549425952774440,-10.470106504651783,9.005924454728028,5.173595507198452
1753549425965254744,-10.521814620759898,9.00865070072897,5.182404993300991
1753549425977240101,-10.573632594947634,9.011100861828277,5.192783474148299
1753549425989532202,-10.677828674063209,9.015075066684178,5.233961635195508
1753549426001954321,-10.73026150162137,9.016572379571285,5.256897414463629
1753549426013986968,-10.782937435501541,9.017741179396568,5.280902213134948
1753549426026670424,-10.8358908278168,9.018545710965087,5.311019278592902
1753549426039261497,-10.889144267875432,9.018998663121305,5.3400756712689015
1753549426052059539,-10.996490578341678,9.018760597136401,5.393912791978601
1753549426064903263,-11.050549364288853,9.018050726130872,5.418800589941103
1753549426076835329,-11.104845284489855,9.01695186447227,5.442631809267334
1753549426088904354,-11.214089187017924,9.013533103655009,5.486655722671369
1753549426101256590,-11.269013055558998,9.011294499433152,5.507256643943927
1753549426113354594,-11.3241251074796,9.008687012511343,5.527502059765536
1753549426125636559,-11.379420474639973,9.005732827866046,5.54736144123481
1753549426138045994,-11.434890932314179,9.002407206843058,5.566668626472474
1753549426150278288,-11.546298218710614,8.994698757279687,5.60036053152967
1753549426163039736,-11.60219329946709,8.990322829067198,5.612878872731524
1753549426175137257,-11.658153312745565,8.98558946832941,5.619106492804484
1753549426187598167,-11.714141458052843,8.980529574090527,5.624174805329337
1753549426199789147,-11.770138068327563,8.975119846682386,5.627304954772008
1753549426211970221,-11.8821248240526,8.96330967406409,5.633819423422906
1753549426224275044,-11.938118059790765,8.956935076410309,5.63717607698049
1753549426236443292,-11.994119561012386,8.950313780658634,5.64114878575252
1753549426248730838,-12.106142561623306,8.936126093165296,5.650590564180174
1753549426261384577,-12.162052370702591,8.928557741094547,5.633372653126339
1753549426273527895,-12.217358981922239,8.920727605478275,5.538272653126339
1753549426285596786,-12.271680768876651,8.912731477992963,5.4431726531263385
1753549426297307850,-12.325005188244695,8.904499549310685,5.348072653126338
1753549426309385427,-12.428583240132273,8.88693267022625,5.157872653126337
1753549426321932511,-12.47879699582472,8.87744152997295,5.062772653126337
1753549426334148356,-12.527952180455376,8.867492954983108,4.967672653126336
1753549426346174180,-12.576020348196204,8.856997510168876,4.872572653126336
1753549426358591278,-12.622969585463993,8.845871371629919,4.777472653126336
1753549426370631338,-12.713440159551528,8.821711315646931,4.587272653126335
1753549426383159838,-12.756906843968242,8.808616771135341,4.492172653126334
1753549426395197303,-12.799137042959096,8.794761511002037,4.397072653126334
1753549426407258630,-12.840081415993062,8.780089703912628,4.301972653126334
1753549426419802498,-12.879679375632225,8.764537521484197,4.206872653126333
1753549426431613104,-12.954836637111603,8.730940786216815,4.0373190361124225
1753549426444191484,-12.990466350722535,8.712694695547249,3.969182154632072
1753549426456289116,-13.024813737090865,8.69328439032874,3.9219049368102485
1753549426468459101,-13.09000943364135,8.650877257893423,3.860957290977835
1753549426480646053,-13.120966261986744,8.627811239449482,3.860681915062403
1753549426492545222,-13.150971434504156,8.603443696455722,3.870551332554325
1753549426504480162,-13.180048995448255,8.577806680646448,3.883034638980643
1753549426516786773,-13.208268611247911,8.551011477684597,3.900236835623844
1753549426528902660,-13.262479005977102,8.494224719871909,3.9512275829672086
1753549426540912635,-13.288584451880894,8.464351910869416,3.983449525737709
1753549426553052429,-13.314088939605915,8.433554989872903,4.014084558368875
1753549426565001875,-13.339071178475606,8.401922212291,4.047694655724133
1753549426577355794,-13.363615771108131,8.369520378672748,4.082172755822462
1753549426589295511,-13.411440601287886,8.302628204342913,4.140520923997597
1753549426601363338,-13.43475065289496,8.268252052204785,4.1663753944723165
1753549426613732563,-13.457686139591882,8.233333099869553,4.189222874097154
1753549426625697954,-13.48023059446136,8.197906356981672,4.209192695775684
1753549426637840956,-13.50239788645428,8.162040221438497,4.223586629687124
1753549426649950518,-13.545398043613613,8.089350976668433,4.222254126882284
1753549426661901977,-13.566122904672605,8.052756538023324,4.188918874306299
1753549426674428303,-13.586183785914207,8.016322223269801,4.129543808795565
1753549426686543947,-13.605426996258977,7.980290142050624,4.0402388600483325
1753549426698488700,-13.623828794254257,7.944813558025958,3.9528474777315044
1753549426710681212,-13.65821072115217,7.875127305995961,3.824760735248648
1753549426722929213,-13.674341154357982,7.840516955060937,3.8122465253772404
1753549426735110804,-13.689922574450357,7.805686220111482,3.8192451666332454
1753549426747172354,-13.704991217370697,7.7704787193406135,3.8401611916912723
1753549426759152700,-13.71962425398943,7.734797107963568,3.8730272259837957
1753549426771035478,-13.747663173717585,7.661867711245007,3.945561267307799
1753549426782923838,-13.761134152585347,7.624558129503042,3.987898181026569
1753549426794480408,-13.77427907287902,7.586691113216302,4.028884656006076
1753549426806016940,-13.787083432386353,7.548287527672527,4.067549061878398
1753549426817861721,-13.799568710663703,7.509392361531676,4.102478622793491
1753549426830368620,-13.823537747082847,7.430236050211854,4.16747557930509
1753549426842414752,-13.835020121287169,7.390021171158687,4.196965966493706
1753549426854489935,-13.846178932201283,7.349415332745106,4.225310161487522
1753549426866830104,-13.856988449999758,7.308427199235481,4.252632591128997
1753549426878920797,-13.86746767518027,7.267075428543311,4.279185494697561
1753549426891816002,-13.88739127682539,7.183320200040411,4.330560975045818
1753549426904224161,-13.896918873297524,7.140937027907429,4.357635651224458
1753549426915886517,-13.906144753248093,7.0982076127845115,4.385202600627837
1753549426928246017,-13.923730324796663,7.011716464025493,4.440308561090455
1753549426940154541,-13.932085658379114,6.967966965966483,4.467756663194831
1753549426952083706,-13.94011778859761,6.92395304491454,4.480429694346901
1753549426963880881,-13.94783528413564,6.8797553384211145,4.492880835400687
1753549426975670376,-13.95518610451359,6.835371239439557,4.5048927221340795
1753549426987989114,-13.968525412769978,6.74675340811817,4.4592602088352
1753549427000049915,-13.974481065775331,6.702667936952982,4.437965659210692
1753549427011981237,-13.979974555825237,6.658708830466205,4.422281277077598
1753549427023744058,-13.984974015026712,6.6148128681366,4.413711104903971
1753549427035343345,-13.989503623635933,6.57090816170146,4.413883150621471
1753549427047489576,-13.993531807199698,6.526922235427222,4.4201618832761715
1753549427059665979,-13.997076988459465,6.4828332625617495,4.426142062193141
1753549427071486510,-14.0026393346668,6.394256754338772,4.453766016308091
1753549427084918869,-14.004652539884653,6.349658015205997,4.475115568235906
1753549427097208121,-14.006167118841045,6.304813295748265,4.4989924052865025
1753549427109115780,-14.007654605134363,6.214182333821956,4.566378723989532
1753549427120814612,-14.007630025707767,6.168354209062152,4.599294695760837
1753549427132964557,-14.007131893138558,6.1221447981689385,4.6431588046240995
1753549427144894994,-14.006205357207303,6.075503012894437,4.687071509746649
1753549427159045260,-14.004832421596607,6.028434333512982,4.7306996924520845
1753549427171980540,-14.000813283157813,5.933040068858064,4.816267788602448
1753549427185413552,-13.998179918978389,5.884744605151445,4.857199620659484
1753549427198329082,-13.995124413840161,5.836089183810779,4.893079698884122
1753549427211456301,-13.987813868639558,5.7378479101389575,4.957527034871651
1753549427224917649,-13.98357044300644,5.688373921227841,4.973624213398538
1753549427237816814,-13.978954455682159,5.639213148509356,4.9018042062627
1753549427250706497,-13.968836939751618,5.543614095697627,4.711604206262699
1753549427263550857,-13.963393112485367,5.497292423488259,4.616504206262698
1753549427277088520,-13.957770001171033,5.451950328177851,4.521404206262698
1753549427289644815,-13.945522624135998,5.362759398437543,4.509784644840859
1753549427301866053,-13.938709423019484,5.318071159090045,4.5311778303369525
1753549427315202798,-13.931412029428403,5.273090596267811,4.582589856422002
1753549427328056073,-13.923601507066527,5.2276963860483985,4.629691202821096
1753549427340997320,-13.906581056643592,5.135753019968592,4.719867319074907
1753549427353003918,-13.897426671382808,5.089280151850252,4.753337435744469
1753549427365840026,-13.887868123933588,5.042558005379582,4.78465775614437
1753549427378695267,-13.877972568494261,4.995602782250852,4.812675042801093
1753549427391090698,-13.857454524055205,4.900870461919178,4.879411833488357
1753549427403420027,-13.846875021915755,4.853051082170714,4.915730591894089
1753549427415531162,-13.836115950635099,4.804906997102464,4.950599034015082
1753549427428921188,-13.814136005377776,4.707740570134339,5.011177352659148
1753549427441421342,-13.803048487625052,4.658724683457255,0.0
